{"cameraMode":{"drawMode":0,"name":"Shaded","section":"Shading Mode"},"sceneLighting":false,"audioPlay":false,"sceneViewState":{"m_AlwaysRefresh":false,"showFog":true,"showSkybox":false,"showFlares":true,"showImageEffects":true,"showParticleSystems":true,"showVisualEffectGraphs":true,"m_FxEnabled":true},"in2DMode":false,"pivot":{"x":0.44035667181015017,"y":-0.8410269618034363,"z":-0.12181997299194336},"rotation":{"x":0.13457611203193665,"y":0.01426636055111885,"z":-0.0019382168538868428,"w":0.9907960891723633},"size":2.574662446975708,"orthographic":false}