{"cameraMode":{"drawMode":0,"name":"Shaded","section":"Shading Mode"},"sceneLighting":false,"audioPlay":false,"sceneViewState":{"m_AlwaysRefresh":false,"showFog":true,"showSkybox":false,"showFlares":true,"showImageEffects":true,"showParticleSystems":true,"showVisualEffectGraphs":true,"m_FxEnabled":true},"in2DMode":false,"pivot":{"x":-0.3081837594509125,"y":0.12473864108324051,"z":0.3374997675418854},"rotation":{"x":0.13635115325450898,"y":0.6068860292434692,"z":-0.1066768616437912,"w":0.7757024765014648},"size":0.7141428589820862,"orthographic":false}