{"cameraMode":{"drawMode":0,"name":"Shaded","section":"Shading Mode"},"sceneLighting":false,"audioPlay":false,"sceneViewState":{"m_AlwaysRefresh":false,"showFog":true,"showSkybox":false,"showFlares":true,"showImageEffects":true,"showParticleSystems":true,"showVisualEffectGraphs":true,"m_FxEnabled":true},"in2DMode":false,"pivot":{"x":-0.811698317527771,"y":0.1787237524986267,"z":-1.2873430252075196},"rotation":{"x":0.1120443195104599,"y":0.06196345016360283,"z":-0.00700046680867672,"w":0.9917441606521606},"size":1.0215457677841187,"orthographic":false}